{"RUANE":[39.44611111,-77.37398333],"RUBAY":[39.91229166,-106.22887222],"RUBBN":[30.57962222,-86.73673888],"RUBBO":[36.24730555,-93.11038611],"RUBBR":[34.2972,-95.217925],"RUBBS":[43.60149722,-89.97129166],"RUBBY":[65.13300555,-155.51585],"RUBDA":[45.79416666,-56.54777777],"RUBDY":[31.53348888,-97.06790833],"RUBEC":[38.62946944,-90.23984444],"RUBEL":[47.03124444,-119.63776666],"RUBEY":[48.80508888,-101.58391111],"RUBIC":[39.59921111,-80.01803611],"RUBII":[40.45099444,-115.27110277],"RUBIO":[41.30027222,-91.98226111],"RUBIW":[44.00838333,-124.11921388],"RUBKI":[44.24855833,-82.26889166],"RUBKY":[30.73716944,-84.95988055],"RUBLE":[41.47046111,-71.23750277],"RUBNZ":[39.387875,-77.46841944],"RUBOC":[45.8474,-67.77441388],"RUBOY":[39.5766,-112.34799166],"RUBRE":[36.72693333,-75.81944722],"RUBUC":[43.63505833,-86.11298333],"RUBUF":[30.97975277,-97.78655555],"RUBYO":[64.79225277,-155.28245833],"RUBYS":[32.14531388,-80.630525],"RUBYY":[43.01771944,-84.58783888],"RUBZZ":[30.20966388,-97.77019444],"RUCBO":[31.42197777,-90.64433888],"RUCER":[29.05859166,-95.37453611],"RUCIG":[45.35658333,-69.26596388],"RUCKS":[32.35008333,-88.59156111],"RUCOB":[41.99490277,-83.55179444],"RUCOC":[39.43060833,-119.74443888],"RUCOD":[34.254025,-79.27413611],"RUCOG":[26.58875833,-80.00848611],"RUCON":[40.08288333,-89.40484166],"RUCOP":[33.35433611,-82.29336944],"RUCOR":[41.449375,-120.53831666],"RUCOS":[32.52825833,-98.88948888],"RUCOT":[38.98343055,-93.64779444],"RUCOY":[41.81585277,-87.71280555],"RUCYO":[27.59289444,-80.65148055],"RUDAW":[30.20209722,-89.06560277],"RUDBE":[33.56306666,-88.43693611],"RUDDE":[42.28739444,-83.71128055],"RUDDH":[39.63063055,-93.87508888],"RUDDI":[39.33794444,-120.16861111],"RUDDR":[30.62021111,-86.52373333],"RUDDS":[40.23930833,-80.20105833],"RUDDY":[41.84018055,-87.83793611],"RUDEE":[17.17055555,-157.75666666],"RUDEH":[41.43719166,-93.31754444],"RUDGE":[42.10482777,-89.36973611],"RUDIE":[43.13781111,-88.05920833],"RUDII":[37.72212777,-116.74019722],"RUDJU":[40.206125,-74.49704444],"RUDKE":[36.21146111,-75.83448611],"RUDKY":[35.55046944,-80.99552222],"RUDLE":[37.71879444,-99.99697222],"RUDLF":[30.22376666,-88.94447222],"RUDLI":[27.52364166,-71.048075],"RUDLY":[34.06619444,-98.62615833],"RUDNE":[42.098925,-93.78650833],"RUDNY":[36.62373888,-121.32344166],"RUDOC":[55.35717777,-133.557525],"RUDOY":[36.21361388,-86.61088611],"RUDTO":[43.433,-111.35466666],"RUDUE":[59.15888611,-158.39465],"RUDVI":[49.00027777,-105.0],"RUDYS":[41.3068,-85.104175],"RUDYY":[36.06878611,-115.258975],"RUENS":[41.8581,-91.50776944],"RUENZ":[39.07751111,-121.41125],"RUFFE":[36.48375833,-82.81835],"RUFFI":[45.48833055,-122.68543611],"RUFFN":[36.45894166,-80.61147777],"RUFFS":[32.89347222,-98.22872222],"RUFSS":[46.02146944,-111.11923888],"RUFUS":[41.43333333,-120.0],"RUFVY":[59.94282222,-164.03436666],"RUFYO":[37.69308888,-80.54663611],"RUFYU":[34.29587222,-95.65027777],"RUGBB":[39.00686666,-95.13581944],"RUGBY":[34.24388888,-118.6325],"RUGEE":[31.58734722,-110.46640555],"RUGGD":[41.13564166,-111.76758055],"RUGGO":[41.87913055,-87.63713888],"RUGGR":[33.69390277,-98.60805],"RUGGS":[32.503875,-114.70042777],"RUGIE":[35.13419166,-83.98544444],"RUGKO":[31.93460555,-95.28150555],"RUGME":[61.82516388,-165.54545833],"RUGNE":[33.44200277,-116.02683333],"RUGOC":[36.01331944,-85.80673611],"RUGPE":[35.56481944,-82.55170555],"RUGPY":[31.29336388,-101.49325833],"RUGSE":[66.76774722,-143.318275],"RUGTE":[41.96326111,-99.24572222],"RUGTY":[35.393,-120.91316666],"RUGUE":[37.04358055,-120.38734166],"RUGVE":[57.81555,-152.05580555],"RUHAR":[35.99916666,-115.264],"RUHEE":[38.24793055,-85.6208],"RUHSH":[41.22645,-82.13910555],"RUINS":[34.85117222,-105.85466111],"RUIZE":[41.47934166,-72.20942777],"RUJAP":[37.68626111,-82.41271666],"RUJHI":[32.88063888,-97.48304444],"RUJOV":[35.88598888,-79.06510555],"RUJUV":[59.75780555,-155.22101111],"RUJVU":[42.88835555,-84.02985],"RUKDE":[39.32739166,-123.85960555],"RUKEE":[34.92950833,-99.98436111],"RUKIE":[58.18406666,-135.63640833],"RUKIY":[43.23088055,-89.33723888],"RUKKI":[33.89805555,-119.43305555],"RUKKO":[34.19500833,-84.31993611],"RUKKY":[33.95329444,-117.62061944],"RUKME":[40.85481388,-85.52251111],"RUKNE":[29.76892222,-99.56001111],"RUKOC":[36.60835833,-94.44517222],"RUKOW":[32.29414166,-92.451125],"RUKOY":[63.02475277,-154.33127777],"RUKRR":[36.55013055,-77.48956388],"RUKTE":[33.24218333,-102.50836111],"RULAE":[42.98513055,-78.04138055],"RULDE":[44.85099722,-92.98245555],"RULEE":[36.14970277,-86.81075833],"RULER":[43.88329444,-103.37607777],"RULEY":[38.43467222,-82.112475],"RULFO":[40.67176666,-111.96121111],"RULIE":[48.18880277,-105.82011111],"RULKE":[27.75243888,-97.35648611],"RULLO":[48.04313333,-97.18118333],"RULOY":[55.70555375,178.40205863],"RULPE":[35.46520277,-97.17996111],"RULSE":[39.89583333,-85.12842777],"RULTT":[39.70116388,-119.71813333],"RULYO":[43.62840277,-96.70013055],"RUMBA":[35.56830555,-84.87653888],"RUMBE":[41.93609166,-83.69088611],"RUMBL":[34.32505,-117.10233888],"RUMDE":[26.62596666,-80.03121666],"RUMEE":[30.51860555,-81.86499166],"RUMFO":[23.08897222,-75.09356388],"RUMGE":[32.56503611,-117.0506],"RUMLE":[44.42128055,-93.62441666],"RUMLY":[35.6933,-115.53068055],"RUMMM":[27.49906111,-93.12538055],"RUMMS":[36.19963888,-81.63810555],"RUMPS":[38.11944444,-117.27083333],"RUMSY":[38.87603611,-122.30091944],"RUMTE":[31.84530277,-84.28105],"RUMUE":[43.68485833,-85.95931388],"RUMVY":[44.85672777,-91.55442777],"RUNAE":[40.65948611,-88.83310277],"RUNAY":[48.65036388,-93.52614722],"RUNBE":[30.60543611,-86.94310555],"RUNDE":[34.73739444,-92.30520833],"RUNDI":[30.58233888,-91.21165555],"RUNDY":[64.52635833,-146.95358055],"RUNEE":[36.00640555,-86.66832222],"RUNEY":[40.26999722,-96.72529722],"RUNGE":[35.17691111,-83.36769444],"RUNGS":[35.96256388,-92.55875555],"RUNIC":[34.49366944,-84.80059722],"RUNIE":[34.94165555,-80.308675],"RUNKE":[36.59344444,-97.88051944],"RUNNE":[28.32443055,-82.06442777],"RUNNN":[34.34295555,-118.97319166],"RUNOC":[61.10816388,-146.45425277],"RUNOE":[32.12047777,-86.52710277],"RUNOF":[60.46623055,-145.35976111],"RUNPE":[38.01442222,-90.69475],"RUNRE":[40.86215555,-91.45296388],"RUNRR":[45.31281944,-93.20716944],"RUNSY":[36.52695555,-99.52010277],"RUNTL":[61.44083888,-151.492125],"RUNTS":[41.71410833,-87.65241944],"RUNTY":[46.37271666,-110.97519444],"RUNTZ":[61.38190833,-150.25863611],"RUNUE":[43.43921666,-124.20077222],"RUNUW":[52.00403611,-176.15095277],"RUNYO":[46.83733055,-102.94023888],"RUOFF":[38.75114444,-87.56567222],"RUPDE":[39.47761666,-75.14178333],"RUPEE":[46.88430277,-103.12149166],"RUPEJ":[40.61454722,-85.68247777],"RUPER":[30.34695555,-81.47214166],"RUPKE":[42.91395555,-78.37846666],"RUPLE":[32.43838577,-97.65746611],"RUPOC":[31.06858055,-96.42155],"RUPOY":[33.337075,-112.45973055],"RUPPO":[32.46685,-84.10415],"RUPPP":[39.00459166,-84.53480555],"RUPPS":[35.73105277,-91.13546111],"RUPQE":[30.61767222,-87.70076944],"RUPRE":[29.509925,-95.53574166],"RUPRT":[37.63878888,-77.75920277],"RUPSE":[32.45696111,-81.70976666],"RUPTE":[66.3359,-147.61497777],"RUPYO":[38.90218611,-100.87322777],"RUQAW":[35.83758888,-89.57427777],"RURAE":[31.07647222,-85.957725],"RURBY":[42.19795277,-72.20852222],"RURCE":[41.31691666,-94.51443888],"RURDE":[42.62590833,-86.05364722],"RUREE":[35.63784722,-77.78423888],"RURGY":[43.81425555,-96.39096666],"RURIE":[40.73178611,-86.04430277],"RURIQ":[35.42685833,-97.58896388],"RURIW":[35.91416694,-112.34333333],"RURKE":[29.33874444,-100.486775],"RURKY":[38.76858611,-87.49209444],"RURLE":[42.38004166,-79.14252222],"RURME":[37.81178888,-94.330275],"RUROC":[59.60221666,-146.09988333],"RURSE":[37.21721944,-121.94752777],"RURTE":[42.40005,-122.56532222],"RURUE":[47.19857222,-94.68089444],"RURVE":[37.86732777,-91.32725277],"RUSAE":[32.67514166,-93.77434722],"RUSBE":[37.95371111,-113.05235],"RUSCI":[56.50857777,-132.45115],"RUSDE":[40.33974166,-75.42440277],"RUSEL":[42.01014722,-71.41726111],"RUSEY":[39.268525,-76.18861666],"RUSGE":[36.23742222,-81.49725833],"RUSHI":[39.0504,-119.75216388],