{"LS68":[29.93465166,-92.21346111],"LS27":[31.31578888,-92.44986111],"LS40":[29.95194444,-90.28611111],"LS91":[30.41722222,-91.97361111],"LS32":[30.36169444,-91.00729444],"LS41":[32.56706666,-93.8789],"LS29":[32.51256111,-93.73632222],"LS73":[29.86326166,-89.96784666],"LS34":[30.31088888,-91.86630555],"LS12":[29.31411111,-89.61422777],"LS87":[29.33178194,-89.4765625],"LS84":[29.449225,-89.62370833],"LS75":[29.81938694,-93.33987611],"LS13":[30.34794444,-92.04119444],"LS76":[30.4626925,-90.17007944],"LS42":[30.22655555,-92.36397222],"LS09":[30.14278055,-92.33332777],"LS21":[30.26644444,-92.18502777],"LS28":[29.37855472,-89.85451361],"LS46":[30.85851666,-92.81235],"LS88":[30.44972222,-92.32611111],"LS50":[31.6112,-91.5263],"LS55":[30.2312,-91.0516],"LS64":[29.68854194,-90.98731944],"LS93":[29.6107675,-90.89842805],"LS95":[30.97935722,-92.58708444],"LS56":[29.33661305,-89.98423861],"LS22":[30.83180555,-90.66654722],"LS02":[30.46599444,-90.46256944],"LS59":[29.58888888,-90.82611111],"LS31":[29.60149444,-92.260075],"LS36":[30.25020833,-92.97198333],"LS96":[29.96758333,-90.14305555],"LS70":[30.34065138,-92.73688333],"LS16":[32.01126833,-91.75512694],"LS45":[29.98548166,-90.46730583],"LS82":[29.99209444,-90.46779444],"LS94":[30.53305555,-91.75011388],"LS23":[30.15340555,-92.046275],"LS58":[30.180325,-93.25098888],"LS74":[30.2268725,-93.19987555],"LS81":[30.11437555,-93.21209777],"LS57":[30.07265555,-90.513875],"LS26":[30.63615694,-90.30763888],"LS97":[29.92964972,-90.35396888],"LS98":[31.56013333,-93.47211111],"LS67":[31.14380277,-92.06200555],"LS85":[30.01274444,-90.18197222],"LS30":[32.44916944,-92.10755277],"LS15":[32.29623333,-91.54004166],"LS20":[32.25610555,-91.71988611],"LS90":[32.49865083,-92.11399169],"LS11":[32.81148055,-91.17260555],"LS48":[29.95718333,-91.03429166],"LS83":[32.06265472,-91.25427944],"LS38":[30.01305555,-91.86916666],"LS24":[29.92678055,-90.09322222],"LS06":[30.68346111,-91.46110555],"LS03":[30.54485,-92.07505555],"LS63":[30.47195277,-92.07842777],"LS71":[29.72798861,-90.59425361],"LS92":[30.59741138,-90.31591888],"LS07":[32.48055555,-93.76222222],"LS78":[32.48701944,-93.77829722],"LS77":[30.72710055,-91.14855138],"LS25":[30.70462861,-91.06066027],"LS17":[30.06603277,-89.61894361],"LS51":[30.28800555,-89.74213055],"LS37":[30.22841388,-93.36899166],"LS08":[29.4679125,-90.75699861],"LS14":[30.07104222,-92.82514722],"LS79":[31.85846388,-92.27639444],"LS52":[29.28740555,-89.3679],"LS53":[30.68131944,-92.26694166],"LS39":[30.57330061,-90.97962894],"LS18":[30.22104027,-92.77486638],"LS72":[30.202985,-92.81208972],"LS10":[30.27214861,-93.31182222],"LS54":[30.69483202,-91.19286191],"LS00":[30.67546277,-91.11427277],"LSCOM":[45.43444444,-106.26722222],"LSIER":[33.02805,-72.04176666],"LSKEY":[40.58572222,-80.55201388],"LSKMO":[39.64119722,-106.92643888],"LSLEE":[33.56174166,-111.98099444],"LSLIE":[34.79869444,-99.90815555],"LSMOR":[43.63484722,-70.16113888],"LSSEN":[40.42573055,-121.40243333],"LSE":[43.87612233,-91.25599338],"LSF":[32.33229444,-84.99311666],"LSU":[30.48513375,-91.29406661],"LSV":[36.24465555,-115.02508333],"LTCOL":[33.85824444,-112.02676666],"LTLFV":[35.54410833,-86.11404166],"LTLJO":[32.67482222,-106.86484444],"LTOUR":[42.84935833,-84.91830555],"LTOWN":[35.51210277,-89.35172777],"LTTLE":[45.31029722,-107.93496111],"LTJ":[45.71358333,-121.10083333],"LTS":[34.66292777,-99.27116666],"LUAAP":[13.69170555,145.18244722],"LUANA":[20.01081666,-155.65525833],"LUANN":[42.5256,-89.45751666],"LUAUS":[29.62417777,-96.56279444],"LUBBI":[33.66269166,-101.72310833],"LUBBR":[28.67899166,-82.11705833],"LUBCA":[42.71471944,-71.20239722],"LUBCI":[44.80458888,-66.81265833],"LUBEE":[61.50059166,-150.06028888],"LUBEQ":[43.96374722,-86.39549166],"LUBEY":[7.45541388,134.35175833],"LUBKE":[65.17914444,-152.21678888],"LUBNE":[62.94003888,-142.11422777],"LUBUQ":[29.36023611,-90.5663],"LUBYI":[39.26604166,-84.41244166],"LUCAB":[36.01685277,-120.96245277],"LUCAC":[43.5355,-90.8757],"LUCAN":[40.12361388,-74.14765277],"LUCAR":[37.43277777,-77.22996388],"LUCCA":[40.79881944,-79.31443611],"LUCCK":[32.54109722,-97.44403055],"LUCCY":[45.58455833,-93.60902222],"LUCEE":[30.364575,-81.80371666],"LUCEK":[39.67752222,-119.79168333],"LUCEN":[32.40387777,-93.77963888],"LUCEP":[29.99232777,-95.78392777],"LUCER":[34.48546944,-116.84514166],"LUCEV":[47.76054722,-117.32256111],"LUCEY":[38.84774722,-77.23504444],"LUCGY":[36.81888888,-94.88836388],"LUCIB":[42.03844722,-73.12219166],"LUCIC":[42.79001388,-72.74296111],"LUCIG":[33.69694166,-118.00543611],"LUCII":[40.30745,-102.45986111],"LUCIK":[33.84300555,-116.40111111],"LUCIL":[35.97979444,-115.308],"LUCIP":[42.72216944,-88.4273],"LUCIR":[34.24977777,-98.47981111],"LUCIT":[41.23234166,-87.42372222],"LUCIY":[64.20736944,-158.93445555],"LUCKE":[39.22465555,-77.59780277],"LUCKI":[32.7075,-116.81805555],"LUCKK":[32.30034722,-84.40813888],"LUCKS":[40.52275833,-77.85758333],"LUCKY":[36.03876388,-115.84585833],"LUCLI":[37.52289166,-79.31423333],"LUCLN":[39.27921944,-100.23215277],"LUCNE":[32.829625,-81.20707777],"LUCOR":[64.24844166,-157.8189],"LUCOS":[41.63812777,-70.76821944],"LUCPI":[67.04333333,-157.67566666],"LUCRI":[48.25205277,-122.92768055],"LUCRN":[39.16983333,-122.96579444],"LUCSS":[24.96903055,-78.60673055],"LUCTI":[25.0,-69.09372222],"LUCYL":[38.08997222,-76.67752222],"LUCYS":[26.73292777,-81.23816388],"LUDDI":[35.70643611,-84.29818611],"LUDEC":[38.19805833,-122.01468888],"LUDEY":[35.54087222,-77.68936666],"LUDFE":[30.72268611,-97.76719722],"LUDIC":[43.55875555,-111.56886666],"LUDIY":[35.70206666,-100.20162222],"LUDJU":[39.44890277,-87.85005555],"LUDLO":[40.38812222,-88.204025],"LUDMA":[40.44349166,-98.92342777],"LUDOH":[38.13656944,-110.13678333],"LUDVG":[36.48396944,-76.77359722],"LUDWG":[34.03390833,-98.60210833],"LUDYE":[40.38100555,-106.98146666],"LUEEY":[37.95759444,-85.21167222],"LUEGO":[34.48455555,-106.72842777],"LUERS":[41.04475,-85.12025277],"LUFCO":[40.51796388,-111.94381666],"LUFDU":[48.25463611,-116.62301111],"LUFEV":[33.1016,-84.135775],"LUFFA":[31.01666666,-80.65],"LUFFS":[29.66524444,-91.03952777],"LUFGI":[46.59791944,-102.63719166],"LUFSE":[39.21377222,-104.38434444],"LUFSY":[36.96871666,-76.12821111],"LUGEY":[27.39321111,-81.26941388],"LUGFE":[35.55988055,-105.22285833],"LUGGS":[43.05448611,-84.42086944],"LUGGY":[29.25954722,-82.223175],"LUGIF":[40.42779444,-91.43634166],"LUGJA":[32.62535833,-117.23932777],"LUGQO":[34.72405277,-112.3455],"LUGTE":[47.83622777,-100.04790277],"LUHLU":[34.08516111,-117.14637777],"LUHPY":[45.05586666,-116.04786944],"LUHQY":[32.19048333,-82.11201666],"LUHVY":[39.774675,-90.95509722],"LUIGI":[40.06934722,-74.44453333],"LUISA":[35.99893055,-114.95188888],"LUISE":[39.574275,-80.69851388],"LUISS":[38.219575,-106.23940833],"LUJMU":[31.66810833,-94.71206666],"LUJOJ":[43.06908333,-84.82311666],"LUKCI":[37.73811944,-77.45815277],"LUKCO":[45.84188055,-95.22389444],"LUKEC":[55.57923333,-133.07599722],"LUKEE":[35.99744722,-96.62876666],"LUKES":[34.030875,-82.15737222],"LUKIE":[33.42520555,-82.93685277],"LUKIY":[32.32428888,-97.49646388],"LUKKA":[25.38706111,-80.68100555],"LUKKE":[30.21294722,-97.39068611],"LUKKN":[29.86455,-95.78187222],"LUKKS":[45.58245555,-111.63142222],"LUKKY":[36.13088611,-91.5389],"LUKMY":[38.85314444,-87.60211111],"LUKOW":[41.018325,-87.90439722],"LUKSE":[33.02956111,-82.043375],"LUKSY":[35.04418888,-106.69452222],"LUKVE":[30.46631388,-97.69360277],"LUKYE":[36.49538888,-84.53402222],"LULEC":[45.41197777,-69.453175],"LULEW":[30.17188611,-91.68582777],"LULIY":[41.47240833,-70.41329166],"LULJY":[14.80415,145.29397222],"LULLI":[29.50645555,-95.17361944],"LULLS":[24.48106666,-81.96070833],"LULOC":[39.53818333,-84.244675],"LULOO":[39.60998888,-75.21595277],"LULOU":[37.38027222,-86.60713611],"LULOW":[56.50763583,-132.439],"LULSE":[45.49572222,-83.55810833],"LULUS":[43.01669722,-94.17903333],"LULUZ":[35.57827777,-76.06758333],"LULYI":[37.85710833,-100.64161666],"LUMAY":[35.74626388,-79.82785277],"LUMBI":[35.94084722,-76.09396388],"LUMES":[53.41165555,167.21611944],