{"QADED":[41.44246944,-74.047325],"QAFNY":[38.12390555,-96.13959444],"QAGDO":[42.71598888,-114.46693888],"QAJER":[41.61563055,-87.83922777],"QAJJU":[43.30831666,-83.34895833],"QALAY":[36.60474722,-86.04641111],"QALIB":[33.44081944,-111.9908],"QAMKI":[38.43753888,-89.12506111],"QANGI":[39.71864444,-82.08882222],"QAQCE":[33.4309,-112.31215],"QAREP":[41.80478055,-94.27508055],"QASQO":[31.06471944,-85.91393333],"QASSY":[48.39590833,-103.48065277],"QATHY":[26.54856388,-80.08188611],"QATQI":[47.64375,-114.27366666],"QATSA":[46.77796666,-103.36833888],"QATZA":[70.37477777,-147.98537777],"QAVMY":[48.08076388,-96.51890555],"QAXUG":[38.26992777,-112.23347777],"QAYAQ":[63.87055555,-169.995],"QAYCA":[30.39209722,-84.25366666],"QAZFA":[45.36664444,-89.07379722],"QBALL":[38.12870833,-90.06902222],"QBERT":[41.36438055,-96.00088055],"QBURT":[40.88954166,-85.50256666],"QDAWG":[26.15017777,-79.877525],"QEBLO":[41.80555555,-87.43776944],"QEBZA":[43.177375,-77.66303055],"QECKE":[34.30012777,-86.93451388],"QECQI":[41.41905555,-95.93287222],"QEDLU":[31.22910833,-85.44554166],"QEENB":[32.21121111,-93.9231],"QEFFO":[37.82126944,-84.35496388],"QEGCU":[36.27085,-119.59693055],"QELAH":[26.74073333,-80.19315],"QENXE":[39.848,-91.27891666],"QEPGY":[31.09818888,-86.966225],"QEPRO":[26.04079444,-80.07333888],"QEQAJ":[41.81486944,-72.69386388],"QERJU":[35.16669444,-80.94795277],"QERVO":[29.84104166,-98.03290555],"QESCA":[45.59181388,-91.73655],"QEWTI":[33.892,-117.87587222],"QEXFA":[37.274675,-121.89318055],"QEZAZ":[42.37478055,-73.68721111],"QFOOT":[29.36347777,-99.17573611],"QGATE":[33.7088,-118.22278333],"QIANA":[46.77736111,-114.05980277],"QIBEK":[32.01720277,-97.79915555],"QIFET":[42.95573055,-73.70026944],"QIFZY":[42.03198888,-104.0649],"QIGUZ":[37.70061388,-82.05670277],"QIKJI":[29.61079444,-94.92022777],"QIMIB":[29.89944166,-97.63695277],"QIMLA":[38.60218055,-89.09041666],"QINCY":[35.36666666,-64.46666666],"QINTN":[43.97474166,-90.95261388],"QIQGU":[30.48936388,-81.80646944],"QIQZI":[42.99781666,-74.39835],"QIRQU":[41.08557777,-96.68868611],"QITEJ":[44.53100277,-72.617275],"QITXO":[34.66248055,-91.93874722],"QIVGU":[46.49363055,-120.57191944],"QIVHY":[45.89142222,-111.15528333],"QIYFE":[44.95401111,-70.60855],"QIZSU":[42.41037222,-95.10633888],"QIZZA":[37.00958055,-76.42730555],"QMARY":[33.76139166,-118.16669166],"QNDRY":[39.87571944,-106.49600833],"QNEPA":[22.841325,-64.04058333],"QOBGE":[47.02026666,-119.229675],"QODCU":[38.41475,-89.69685],"QODLU":[27.74330277,-97.47658055],"QODUY":[42.55663888,-93.91165555],"QOGQU":[42.75901111,-92.36565555],"QOJIP":[43.36867222,-93.32804444],"QOLPI":[39.56101111,-77.40429166],"QONXE":[36.64450555,-86.49703333],"QOPEV":[42.32444166,-92.44592777],"QOPHI":[29.81958055,-96.91798888],"QOPRI":[58.91079722,-158.27390555],"QOSME":[39.63140555,-91.61295555],"QOSNU":[42.90855833,-71.98089722],"QOVCA":[46.47651944,-110.11990555],"QOYJY":[63.06800555,-159.87544722],"QRTET":[31.75225,-67.07736388],"QTIPP":[41.64680833,-74.91476388],"QTIPZ":[35.18821388,-120.55486111],"QTPIE":[31.40618611,-85.65851944],"QTRBK":[30.05983888,-96.12833888],"QUAAK":[33.57652777,-90.98208888],"QUACK":[61.31333333,-150.147],"QUADD":[59.6469,-150.33070833],"QUADS":[38.15286944,-121.16605277],"QUADZ":[32.16049444,-101.90807777],"QUAFL":[58.33696666,-134.76616666],"QUAIL":[39.26078055,-104.12489444],"QUAKK":[38.50921111,-120.93593888],"QUAKY":[34.090975,-111.93557777],"QUALE":[40.08275,-76.23444166],"QUALM":[37.23855555,-94.27467777],"QUANA":[35.17419166,-101.56398055],"QUANE":[41.53674166,-89.74110833],"QUANT":[29.621725,-98.31303888],"QUARE":[32.80123055,-96.70367222],"QUARM":[40.829225,-79.07762777],"QUARR":[34.07360555,-84.29201666],"QUART":[37.52365277,-77.71480277],"QUARY":[40.24157222,-79.38078611],"QUASH":[28.35831111,-80.09848055],"QUASI":[26.69664444,-80.0658],"QUATO":[30.769,-92.13690555],"QUAYL":[27.77599722,-82.6465],"QUAYS":[27.83635555,-97.95136666],"QUAZR":[27.84094722,-81.32121666],"QUBEE":[42.774775,-84.23650555],"QUBEN":[29.93628888,-81.66361111],"QUBIS":[47.533375,-67.76613611],"QUBIT":[33.45276388,-84.82989722],"QUCYO":[45.43189166,-123.82378611],"QUDEE":[38.86173888,-111.97703333],"QUDUC":[48.72811111,-104.42253888],"QUENE":[40.68351666,-73.68307777],"QUENS":[38.43460833,-76.31946111],"QUENY":[33.6248,-111.88718611],"QUERY":[45.19751944,-111.52782222],"QUESO":[29.71354166,-98.57073333],"QUEST":[43.28786666,-90.97487777],"QUETN":[18.0,-46.0],"QUGEG":[35.34888611,-87.67390833],"QUIBL":[33.84246111,-89.00956388],"QUICK":[35.77654722,-84.03638611],"QUIDS":[34.79602777,-85.28991666],"QUIET":[39.50095,-107.70889166],"QUIGG":[1.05944444,-155.76472222],"QUIIN":[47.51496944,-123.47178055],"QUIKK":[32.31584166,-111.26039444],"QUILL":[30.62247777,-84.58835555],"QUILT":[37.44556944,-77.12236111],"QUINC":[42.01203611,-70.75265833],"QUINE":[42.81869722,-76.77071944],"QUINN":[38.51523333,-123.13259722],"QUINT":[47.21396944,-119.908775],"QUINZ":[42.7732,-73.05014444],"QUIPA":[40.77315555,-112.09446111],"QUIRE":[38.56916388,-87.76596388],"QUIRK":[39.29886388,-82.03269166],"QUIRT":[43.86850277,-110.60983055],"QUITR":[30.76004444,-85.61829444],"QUIWE":[33.95154444,-81.50220277],"QUIZR":[27.67392222,-78.91093888],"QUIZZ":[41.34472222,-90.24055555],"QUJOX":[36.74336111,-87.37635555],"QUKJI":[43.60863333,-94.68065833],"QULAH":[39.50904722,-97.65180833],"QUMGY":[48.11147222,-105.04097222],"QUMXE":[37.87728611,-91.45292222],"QUNCY":[27.03694722,-81.63839166],"QUNIE":[38.80988333,-89.80309722],"QUNKE":[30.35878055,-93.43393055],"QUNTN":[33.11318333,-117.741425],"QUODS":[25.39643333,-79.58268333],"QUOIT":[35.807825,-97.39923888],"QUOTA":[40.08387222,-89.41513888],"QUOTE":[41.70299166,-89.303375],"QUOTH":[31.55125,-91.49724722],"QURIT":[39.21102222,-94.52797222],"QURKE":[36.00588888,-85.35574722],"QURON":[41.93626111,-89.07338888],"QURTR":[35.31231388,-101.75018611],"QURTT":[33.20022222,-114.83584444],"QURTZ":[33.56679166,-110.78506666],"QUTIE":[26.14579444,-97.65973333],"QUTIP":[33.77078055,-115.41004722],"QUTMU":[40.72194166,-93.89971111],"QUTOP":[40.33748333,-107.02106388],"QUUBE":[41.68869166,-81.85807222],"QUUUE":[29.67223888,-98.32274444],"QUVQU":[70.26606111,-147.65669166],"QUWED":[35.33968611,-80.94604166],"QUWRE":[36.532475,-87.52301666],"QUWVU":[39.15962222,-94.811375],"QUXEP":[37.25700555,-113.61987222],"QUYNN":[32.68166944,-96.60254444],"QUZMU":[36.31698333,-87.46184444],"QUZSY":[26.70924722,-82.02133888],"QUZTO":[39.07536388,-87.44892777],"QWAIL":[29.19440277,-100.61260277],"QWAKE":[35.41015,-97.70716111],"QWAKI":[38.52350277,-96.13904166],"QWENN":[40.39011388,-111.95132777],"QWERI":[42.68194444,-82.25861111],"QWERK":[33.29875277,-111.55215],"QWEST":[39.80759722,-75.55916944],"QWIKE":[39.93206388,-104.52182222],"QWIKK":[39.38805555,-123.27062222],"QWILT":[40.17239722,-100.99381111],"QWINN":[39.93395277,-78.50800277],"QWIST":[36.11868333,-115.95849444],"QWYNN":[42.16078333,-83.23820277]}