{"IVABE":[37.69115277,-121.31854722],"IVAFO":[45.10916944,-68.58362777],"IVAKE":[44.549625,-111.21338611],"IVALY":[42.95533333,-88.18907777],"IVANN":[61.38339166,-150.57369722],"IVANS":[34.33433611,-82.46365833],"IVANZ":[30.23116666,-81.77001111],"IVARE":[33.86238888,-118.02964444],"IVATE":[22.04950277,-159.13961666],"IVAYU":[42.37221944,-111.18709722],"IVBAF":[35.67736111,-96.81373333],"IVCOB":[31.18083611,-85.27886388],"IVCUP":[35.58245,-95.27108611],"IVDAW":[41.27153055,-85.90148055],"IVECI":[39.11232777,-119.75245555],"IVECU":[35.66530555,-119.06511388],"IVEEE":[29.61030277,-95.301625],"IVEHO":[40.7201,-97.83546666],"IVEJE":[46.75518888,-96.41729444],"IVELE":[36.72737222,-108.34275],"IVERS":[61.26978333,-150.81928333],"IVETE":[33.75533055,-79.17653888],"IVETY":[27.11887222,-80.47201944],"IVEYI":[35.49312777,-97.60581944],"IVEYY":[37.43527777,-114.49444444],"IVGIF":[31.18163611,-85.58428888],"IVICE":[35.31512777,-96.94279166],"IVIDE":[31.39184722,-101.51491111],"IVIJI":[32.83505277,-86.69993611],"IVINS":[34.37217777,-118.90643055],"IVIPY":[37.476,-120.43983333],"IVISE":[29.01708611,-81.03746666],"IVKEF":[39.49613611,-106.84948888],"IVLEC":[35.56730277,-112.18737222],"IVLEJ":[39.44603611,-94.69966944],"IVLUH":[31.97823055,-87.04131944],"IVNIW":[34.22449722,-91.30864444],"IVOCE":[42.50115,-92.29893055],"IVOCU":[40.32941388,-97.70368055],"IVOCY":[41.0464,-111.96212777],"IVODY":[43.4338,-83.58098888],"IVOLE":[30.25651666,-88.89939444],"IVOLY":[28.45112777,-96.94259722],"IVONY":[27.95460277,-81.56443888],"IVORY":[30.53265555,-86.92070833],"IVOSE":[43.24782222,-91.92858611],"IVOTY":[36.01211111,-76.56973611],"IVOXE":[57.08463611,-169.89110277],"IVOYE":[38.31324166,-108.65223333],"IVOYI":[35.98869444,-94.16712777],"IVRSN":[45.04394722,-123.11046388],"IVTAW":[40.50690277,-111.42276944],"IVTEF":[30.46437777,-81.80385277],"IVUDE":[36.01691111,-86.59771666],"IVUJO":[41.29073333,-94.69076944],"IVUKE":[36.29553333,-80.74195277],"IVULE":[43.50125277,-98.074175],"IVUNE":[35.84601666,-120.59715277],"IVUNY":[41.275875,-85.15897777],"IVUPE":[39.25004722,-123.14470277],"IVUVE":[47.95899722,-100.11730277],"IVUWE":[31.9154,-85.32208333],"IVUXE":[58.88081111,-162.04368333],"IVUYU":[29.69751944,-96.33910833],"IVVAN":[42.71698333,-88.48469444],"IVVEW":[45.64859722,-68.53608888],"IVVIB":[44.36095833,-121.21921944],"IVVRY":[33.12632222,-111.44323055],"IVWEL":[34.24626666,-88.139025],"IVYIF":[33.51922222,-87.13861388],"IVYIX":[36.94704722,-97.03606111],"IVZAF":[33.92048888,-86.91028333],"IVZIN":[45.58673333,-94.41480555],"IVZOB":[34.07195,-90.34790833],"IVZOT":[38.77158888,-99.52827777],"IWACK":[48.93214166,-120.83706388],"IWAHU":[31.70455833,-98.95380833],"IWAKE":[34.85003055,-82.46265],"IWANS":[35.76384444,-112.67894444],"IWANY":[48.45505277,-122.43361666],"IWATI":[37.00237777,-95.57401666],"IWAVE":[31.12820833,-85.99662777],"IWCOB":[42.92664166,-85.6961],"IWDEG":[30.2719,-90.15969722],"IWDIY":[43.61780833,-72.97553611],"IWECY":[40.01980555,-106.44468888],"IWEDU":[34.20854722,-109.25219166],"IWEGN":[41.41845277,-95.90509722],"IWELA":[41.77738055,-93.49742222],"IWERE":[30.18130833,-85.71971666],"IWFIM":[34.60181388,-87.42954166],"IWIBY":[34.51280833,-85.65154444],"IWIFY":[31.57776666,-97.21156388],"IWILD":[41.94944444,-94.03527777],"IWILL":[42.04368055,-83.65863055],"IWIQA":[42.19854722,-93.65522777],"IWKID":[46.991875,-119.21634722],"IWKOK":[30.63351111,-97.59246666],"IWMIB":[34.57666666,-118.872],"IWMOJ":[47.27960277,-119.28006666],"IWMUD":[33.63740277,-118.07542777],"IWNOP":[35.50911111,-86.19499722],"IWNUM":[40.51963055,-90.60773611],"IWOHI":[21.36589444,-157.85952222],"IWOHO":[31.54011111,-97.18695],"IWOKU":[29.99071388,-96.84370833],"IWOSE":[35.997875,-75.73354166],"IWOVA":[34.13082222,-118.16443333],"IWTEN":[46.29910833,-90.82467222],"IWTOJ":[40.99078333,-76.06855277],"IWUGO":[39.03664444,-108.7316],"IWUHU":[30.25119444,-95.16878055],"IWURA":[27.96174166,-98.86274444],"IWUZI":[38.15239166,-91.73976111],"IWWEB":[41.19382777,-81.50027777],"IWWEY":[40.85205833,-82.9077],"IWWON":[35.34810277,-81.33909722],"IWYES":[46.84209722,-92.23441666],"IWA":[33.30316938,-111.65143538],"IWD":[46.53225625,-90.12585019],"IXABE":[35.62296111,-84.57690277],"IXACE":[39.39628055,-121.70083055],"IXADY":[42.12345555,-79.53962222],"IXAJU":[31.53224444,-91.48859166],"IXAKE":[32.21361111,-109.93229444],"IXALE":[30.53859722,-101.15275833],"IXAME":[39.70665833,-83.95212777],"IXANY":[30.93590555,-98.30323333],"IXASY":[35.30528333,-94.60278888],"IXBER":[37.01011944,-87.99809722],"IXBIQ":[34.23431388,-83.87220277],"IXDEB":[36.63214722,-119.57283055],"IXDIL":[33.53422777,-91.17828611],"IXDUB":[41.59031111,-82.86844444],"IXEKE":[37.05894722,-113.49819444],"IXENE":[28.23959722,-100.04231666],"IXEVE":[32.75113055,-80.13959444],"IXEVY":[31.59547222,-91.53521666],"IXEYA":[35.29770555,-94.15191666],"IXFAQ":[41.98081944,-79.42376388],"IXGAK":[35.41121111,-89.153975],"IXHAF":[29.9256,-98.18770555],"IXHUP":[40.87354166,-82.43736666],"IXIGE":[34.71905555,-117.84063055],"IXIGY":[30.31848333,-95.42914444],"IXION":[29.73830555,-98.37906111],"IXIPE":[48.50206388,-111.998125],"IXIPY":[38.09365277,-88.93579722],"IXIQE":[62.16206388,-150.126675],"IXISE":[40.82958055,-97.10447777],"IXIVE":[26.43897222,-81.34239722],"IXIWU":[41.78694166,-90.72826666],"IXJUP":[46.47585555,-120.47816944],"IXMIX":[33.66287222,-88.05901666],"IXNEL":[35.52120555,-94.25425],"IXOBE":[41.39531944,-91.19908611],"IXODE":[33.98718611,-98.45316666],"IXODY":[42.13423611,-90.79213611],"IXOME":[30.46153055,-86.52086666],"IXOPE":[44.94802222,-72.20979444],"IXOQY":[41.59801944,-83.77790555],"IXORE":[41.35006944,-81.59728333],"IXPUK":[36.26370833,-93.91643055],"IXREV":[30.25458055,-83.48602777],"IXROV":[28.41746944,-82.15216388],"IXRUG":[47.11966111,-95.88660277],"IXTAT":[39.14167222,-89.35379722],"IXTIN":[33.12975833,-81.44695],"IXUFO":[36.09639166,-94.03124444],"IXUHU":[32.663575,-109.39548611],"IXULE":[39.3214,-107.771275],"IXULY":[41.58403888,-82.85465],"IXUME":[35.49722222,-75.18194444],"IXUSE":[32.96976666,-86.78699166],"IXUTE":[41.63955277,-78.41373333],"IXUVE":[42.31914722,-114.54933888],"IXUVY":[36.67428055,-121.61445277],"IXVAV":[41.60279444,-82.67273888],"IXXEW":[33.93472222,-88.72550277],"IXYIS":[36.32950833,-90.854925],"IXZUF":[39.617825,-107.41572777],"IYABU":[39.25877222,-123.27299166],"IYACA":[45.67492222,-94.90926666],"IYACI":[62.91560555,-142.32630555],"IYACY":[35.87804722,-90.988675],"IYADY":[9.39206944,137.84806111],"IYAHE":[30.08931944,-96.97079166],"IYANA":[42.05457777,-70.82796666],"IYAPI":[70.11286666,-143.91763055],"IYASO":[34.78074166,-92.34220555],"IYASU":[46.87871388,-90.64840277],"IYATA":[37.79732222,-102.62215555],"IYAYE":[44.15425277,-123.03837222],"IYAYI":[39.13606944,-94.66344444],"IYAYU":[40.79080277,-101.66314444],"IYBAY":[39.47899722,-75.70608888],"IYBEP":[38.79526944,-91.00439722],"IYBOX":[38.74478611,-84.13589444],"IYBUC":[44.07806944,-101.65306111],"IYDAD":[34.87837222,-81.22131944],"IYDAY":[46.344075,-85.57906944],"IYEBU":[46.62884166,-120.59697222],"IYEKA":[41.17329722,-85.00273888],"IYEKE":[38.02275,-92.61945],"IYELE":[40.34694166,-119.76461944],"IYEPU":[39.04710277,-79.21448611],"IYETA":[41.20497222,-95.17440277],"IYFEL":[32.12206111,-95.26156944],"IYGAF":[37.07395555,-85.182275],"IYGUR":[45.06088333,-89.07080555],"IYHUD":[34.517975,-77.80564722],"IYHUW":[36.36656944,-93.68580833],"IYICO":[40.54670277,-79.79100277],"IYICU":[62.16223055,-145.45223611],"IYIGO":[37.27741388,-89.80381388],"IYIKA":[40.63694444,-77.21044166],"IYIPE":[67.10347777,-150.870075],"IYIRI":[33.7231,-116.29081388],"IYISA":[46.65364722,-97.08386944],"IYITE":[34.36735833,-83.02971944],"IYITI":[35.99744722,-96.76966111],"IYIVA":[44.52164444,-121.47448055],"IYIYI":[37.8787,-81.86959166],"IYIYO":[42.51087222,-73.79448333],"IYJER":[45.10345277,-96.39708611],"IYJIV":[29.62835555,-95.16462777],"IYJOR":[36.03743055,-86.79474166],"IYLAG":[36.99306666,-113.59329166],"IYLAL":[33.07435555,-92.56918055],"IYLEK":[42.00191944,-87.44168888],