{"X04":[28.70747441,-81.5819645],"X06":[27.19531805,-81.8382275],"X05":[28.33028277,-82.49648472],"X01":[25.84886111,-81.39027777],"X07":[27.89321083,-81.62145888],"X09":[29.69008333,-95.84047361],"X10":[26.69818888,-80.66024444],"X13":[29.842,-84.70111111],"X14":[26.74058333,-81.42827777],"X16":[33.47363066,-97.12243975],"X35":[29.06176722,-82.37661944],"X36":[26.99008055,-82.37401777],"X39":[28.22127777,-82.37455555],"X33":[36.69386111,-90.78447222],"X55":[28.84333333,-81.63008333],"X51":[25.49922694,-80.55424666],"X58":[27.0375,-80.441],"X50":[28.97891666,-80.92477777],"X59":[27.96086555,-80.55832777],"X52":[27.632255,-80.52755444],"X49":[27.93335805,-82.04397388],"X44":[25.77833333,-80.17027777],"X43":[36.02920222,-101.82878222],"X25":[27.95380555,-81.60141666],"X26":[27.81325,-80.49558333],"X21":[28.62250444,-80.835375],"X23":[28.924735,-81.65178111],"X60":[29.354605,-82.47056361],"X61":[28.73527222,-81.62911666],"X65":[33.53628963,-96.68041711],"X63":[18.13806944,-65.80070555],"XA53":[33.11696944,-96.6724],"XA71":[31.27733333,-94.974],"XA87":[32.07841111,-95.85032777],"XA24":[30.30083333,-98.00194444],"XA88":[28.97833333,-99.56305555],"XA09":[33.58194444,-98.06111111],"XA12":[30.69472222,-98.03277777],"XA93":[28.61932222,-99.65436388],"XA32":[30.91147222,-97.17127777],"XA94":[30.75865,-98.24875],"XA33":[32.95870277,-96.26442222],"XA00":[33.11614,-95.906205],"XA96":[35.6625,-100.32388888],"XA95":[30.14944444,-104.6825],"XA97":[32.5872368,-95.87370488],"XA89":[28.20855555,-100.01880555],"XA07":[33.275,-97.71666666],"XA08":[28.15761111,-99.09552777],"XA61":[32.78833055,-96.7801],"XA62":[32.76048055,-96.8244],"XA34":[33.24166666,-97.428],"XA98":[33.3027,-97.45806666],"XA99":[33.13438333,-97.60705],"XA57":[33.21831944,-97.59693333],"XA66":[28.07388888,-99.28469444],"XA18":[32.73083333,-97.34609166],"XA36":[32.73815,-97.34154722],"XA37":[32.73475,-97.3442],"XA65":[32.90033888,-97.31280555],"XA45":[30.22088888,-98.77696666],"XA38":[29.48526944,-95.20832222],"XA74":[29.325,-94.78472222],"XA04":[32.23761861,-97.89964377],"XA54":[32.2422,-97.746],"XA90":[32.75722222,-95.52777777],"XA01":[32.68001111,-95.72326944],"XA75":[32.324,-97.09966666],"XA56":[33.12228888,-96.1251],"XA35":[33.08933611,-96.12650555],"XA41":[30.35501666,-99.24753333],"XA81":[33.64303472,-95.87622222],"XA19":[29.75916666,-95.3675],"XA20":[29.78583333,-95.45833333],"XA67":[29.74778333,-95.3676],"XA13":[29.75252222,-95.45661388],"XA76":[29.72772222,-95.44716666],"XA83":[29.58197222,-95.20835833],"XA84":[29.812,-95.43154444],"XA21":[32.90277777,-96.95666666],"XA58":[31.93774444,-95.24698333],"XA02":[30.2802,-98.42641111],"XA0":[33.14816666,-97.28002777],"XA49":[33.09044722,-97.26787222],"XA42":[32.37569722,-96.38581805],"XA55":[32.59238888,-96.31765277],"XA43":[29.90811111,-99.20690277],"XA72":[33.27694444,-97.28944444],"XA77":[32.74861111,-101.77944444],"XA22":[27.53395,-99.47784722],"XA31":[29.81688666,-99.78783916],"XA59":[33.04408888,-97.0053],"XA28":[32.47397222,-95.39291666],"XA44":[31.26611111,-98.42388888],"XA06":[33.47401111,-101.9875],"XA25":[33.60385555,-101.91639444],"XA63":[33.09083333,-96.5925],"XA14":[31.33641666,-94.74391666],"XA64":[32.53602777,-97.10013888],"XA92":[30.87,-100.10277777],"XA46":[32.69363611,-95.45436111],"XA26":[32.79881111,-98.146175],"XA47":[31.30972222,-97.48480555],"XA78":[33.46230833,-97.07098055],"XA48":[33.64151111,-97.31565],"XA23":[33.01777777,-94.97],"XA27":[33.03222222,-94.96083333],"XA79":[33.01345277,-96.78995277],"XA10":[33.23191666,-97.33876944],"XA80":[27.84638888,-97.06305555],"XA50":[32.79713097,-95.44384916],"XA40":[32.99619444,-96.66561944],"XA15":[31.42694444,-96.97972222],"XA51":[31.41833333,-97.12583333],"XA16":[33.49416666,-97.46555555],"XA11":[32.917275,-96.50846944],"XA29":[29.489475,-98.54758055],"XA39":[29.46489444,-98.71426111],"XA73":[29.30577777,-98.53676666],"XA03":[33.42775277,-97.27127916],"XA68":[30.56387777,-100.63476666],"XA05":[34.10105,-102.62423333],"XA17":[33.32166666,-95.5636],"XA69":[32.33611111,-97.96944444],"XA30":[30.95745277,-95.38179444],"XA52":[30.92352777,-95.2935],"XA70":[28.85451944,-97.02050555],"XA91":[30.53333333,-94.43805555],"XA85":[31.64194444,-97.31444444],"XA86":[32.566975,-97.80749166],"XA82":[30.322624,-97.868295],"XABZO":[35.50783333,-84.58240833],"XACJE":[40.13781111,-80.617975],"XADDY":[43.33378333,-83.58103611],"XADZY":[57.01666666,-133.0],"XAFLE":[31.39662222,-97.13442222],"XAFQU":[31.53008333,-92.60735833],"XAGGY":[64.49206666,-165.32473611],"XAGKE":[41.38104166,-75.68848055],"XAGUH":[25.50268888,-80.56430833],"XAKBE":[38.49950555,-121.39178611],"XALAC":[42.68047777,-73.85379722],"XAMNU":[35.65153333,-85.05529444],"XAMPL":[30.2726,-94.16893888],"XAMVY":[27.56386666,-81.88051944],"XANDR":[34.878,-89.97243888],"XANEW":[39.30939166,-123.249625],"XANTY":[43.03990555,-75.99745],"XANZI":[35.20963888,-100.19831388],"XAREW":[40.68118611,-73.41349444],"XARYO":[36.15386111,-119.2146],"XASEF":[27.46594722,-81.88040555],"XASWO":[36.65114722,-102.68909166],"XATAH":[31.42910555,-83.44896666],"XATTU":[37.67504444,-122.49212222],"XAVGE":[31.66491944,-106.04793888],"XAVRR":[39.16057777,-84.38584444],"XAVYR":[39.90616388,-82.647325],"XAWFE":[43.36654166,-70.76448055],"XAWTE":[32.30526944,-86.44126111],"XAXWI":[42.77475,-92.52259722],"XAA":[31.01389444,-104.20689722],"XS39":[35.07701666,-101.69136944],"XS54":[32.75777777,-97.08111111],"XS60":[33.31842111,-96.90600305],"XS65":[30.14743444,-97.76472638],"XS41":[30.30602777,-97.74138888],"XS74":[29.00476388,-95.98187222],"XS78":[31.38541666,-99.09983333],"XS68":[30.25687888,-96.32857472],"XS79":[30.82438611,-97.95873611],"XS63":[29.73580555,-98.45831944],"XS86":[29.26690333,-98.92530666],"XS19":[30.532625,-97.81344166],"XS73":[30.58236111,-96.27819444],"XS92":[30.58157222,-96.28874722],"XS80":[29.97255555,-98.93463888],"XS77":[29.46551,-94.62741527],"XS97":[32.6452,-96.87787777],"XS21":[29.33107694,-95.70467],"XS90":[29.76828027,-97.77527888],"XS96":[32.97638888,-97.30861111],"XS04":[32.79700555,-97.14606666],"XS01":[30.4501925,-98.88615416],"XS62":[33.56894166,-97.19057777],"XS46":[28.630675,-97.38589444],"XS14":[32.96944444,-96.07055555],"XS26":[29.72689611,-95.483275],"XS32":[31.34513888,-96.16549444],"XS44":[31.01527777,-104.21230555],"XS12":[30.67812777,-98.01735],"XS00":[30.63722222,-98.74833333],"XS02":[32.5101,-94.82454444],"XS57":[31.46535555,-97.40479166],"XS42":[33.266375,-96.51672222],"XS55":[31.92932222,-96.93888611],"XS03":[30.48130388,-98.28113166],"XS07":[28.95025833,-96.05996027],"XS08":[30.87684027,-99.19949805],"XS11":[29.77661083,-99.35921055],"XS13":[29.81660944,-99.19670611],"XS15":[30.77101111,-99.90035055],"XS18":[30.38465166,-96.2246825],"XS20":[30.15409277,-99.29782388],"XS23":[30.12659333,-99.47116138],"XS70":[33.14058333,-95.02258055],"XS24":[29.82967166,-97.0991525],"XS25":[29.38468611,-95.68300305],"XS05":[33.07282777,-97.39833888],"XS09":[30.53915555,-95.436225],"XS27":[30.03771416,-94.39602277],"XS29":[31.85472222,-102.36611111],"XS06":[34.12290555,-102.17129444],"XS33":[30.06243361,-93.86461472],"XS35":[28.73915583,-96.21913333],"XS30":[33.60510694,-95.48189916],"XS88":[33.85738333,-95.70479444],"XS38":[29.6605075,-95.20187805],"XS71":[28.74866666,-98.04552777],"XS40":[28.80538055,-99.00614722],"XS43":[29.66161472,-98.95642],"XS45":[27.71586583,-97.17304416],"XS87":[28.445,-96.44833333],"XS47":[29.0002475,-98.57112944],"XS91":[32.0865,-95.59933333],"XS50":[27.38364833,-98.31000805],"XS51":[27.40448194,-98.14472638],"XS52":[27.33504444,-98.12803833],"XS56":[26.44867944,-97.79194],"XS58":[30.04410388,-94.70575388],"XS59":[28.28084,-97.21138083],"XS61":[31.11488944,-99.00338027],"XS64":[26.24896222,-97.56498666],"XS66":[27.80391305,-97.7436075],"XS67":[27.9444575,-96.98501],"XS69":[29.91132638,-100.00034916],"XS72":[30.48353861,-94.83354027],"XS75":[30.45638888,-98.48972222],"XS89":[32.97930277,-96.28203333],"XS31":[33.7017725,-96.83194527],"XS81":[29.42689944,-98.49973944],"XS82":[29.42245527,-98.48390555],