{"NSFQ":[-14.21611222,-169.42354944],"NSAS":[-14.18434305,-169.6701],"NSTU":[-14.33166222,-170.71150305],"NSCAR":[26.23153888,-97.55463333],"NSHEE":[33.39936111,-116.38311111],"NSIXX":[40.91602777,-77.73287777],"NSPYR":[39.76224166,-104.95338333],"NSTAR":[39.59738611,-119.76606944],"NSTUF":[42.59198888,-93.362675],"NSD":[32.87989722,-118.44090833],"NSE":[30.72400555,-87.01805555],"NSI":[33.23507694,-119.45839783],"NTCHZ":[31.61828055,-91.29949444],"NTELL":[36.89971944,-119.88950277],"NTHEN":[37.279975,-80.10646944],"NTHNN":[42.14757777,-83.57797777],"NTHNS":[40.67174444,-73.83695833],"NTHRE":[40.88584722,-77.78546666],"NTHRN":[48.65160833,-95.91128611],"NTIOK":[36.02172777,-86.72055833],"NTMEG":[41.27520833,-72.48113333],"NTNDO":[35.69073611,-115.04808333],"NTNEE":[40.79662222,-77.73041666],"NTOOO":[40.07636944,-105.17989166],"NTREE":[35.73188055,-89.81231944],"NTRST":[33.94755833,-81.88855],"NTSHA":[34.10048333,-118.55043611],"NTWOO":[35.74362222,-90.04569166],"NTD":[34.12328608,-119.12197911],"NTU":[36.82422258,-76.03704644],"NUANC":[62.35694166,-159.55591111],"NUBBO":[41.10935,-83.54606666],"NUBDE":[64.43655,-146.90103888],"NUBDY":[61.80451388,-159.71423611],"NUBEE":[36.66881666,-88.42991944],"NUBEM":[29.31588055,-98.56111388],"NUBGE":[41.33296388,-112.43115555],"NUBIC":[37.82006944,-118.50178888],"NUBIE":[44.79568055,-113.62181388],"NUBIY":[31.10498333,-103.21505277],"NUBKE":[45.84195555,-84.76183055],"NUBLE":[43.16621111,-70.71651944],"NUBOY":[31.5112,-92.98324444],"NUBRE":[38.18218888,-97.72125277],"NUBRY":[42.78575555,-70.85576111],"NUBSE":[39.03535277,-104.68651944],"NUBTE":[38.87788333,-89.37668055],"NUBUE":[42.64289722,-89.86768055],"NUBUS":[23.5,-65.53660555],"NUBUV":[48.88373,-122.47745977],"NUBVE":[43.39669722,-88.40783888],"NUBZU":[32.27366111,-109.86113333],"NUCAR":[28.12602777,-77.633],"NUCBI":[38.80643055,-94.24931944],"NUCCI":[29.26049166,-100.57370277],"NUCDI":[40.75124166,-97.67216111],"NUCHA":[32.02810555,-97.86554166],"NUCIB":[30.87905833,-96.43356944],"NUCIC":[43.57717777,-116.10876944],"NUCID":[33.29355833,-80.07940555],"NUCIL":[36.82919444,-90.323175],"NUCIN":[35.89553888,-85.31520555],"NUCIR":[44.65923611,-104.5698],"NUCIS":[28.97167777,-82.35295277],"NUCIT":[36.27301666,-87.42945833],"NUCLA":[43.97986388,-120.92204722],"NUCLR":[44.34930555,-95.81511666],"NUCRI":[40.603975,-73.90200555],"NUDAE":[36.39393888,-97.91463611],"NUDCI":[33.88525277,-116.55716388],"NUDEE":[34.1158,-77.68355555],"NUDEQ":[45.06578333,-117.89379166],"NUDFA":[37.20414166,-94.49568333],"NUDGE":[51.0,-134.40055555],"NUDKE":[35.77198888,-78.01776944],"NUDLE":[30.11728055,-90.58753055],"NUDSE":[21.60502222,-157.64115],"NUDTI":[68.16346666,-145.45016666],"NUDUE":[41.84873888,-74.30995555],"NUDXY":[36.50121388,-86.95038888],"NUEAR":[28.150325,-97.09640277],"NUELG":[41.98497222,-88.655975],"NUFAD":[35.39610555,-97.69724444],"NUFCO":[40.83828888,-76.546775],"NUFFY":[35.03942222,-77.83048888],"NUFKY":[38.45104444,-121.89936388],"NUFTA":[31.46585,-110.04456666],"NUFUR":[42.97571666,-83.88265277],"NUFXO":[42.72416388,-77.0588],"NUFYO":[43.83815833,-89.57253055],"NUGAE":[40.30037222,-75.54697777],"NUGBE":[36.46789166,-79.13984722],"NUGEE":[34.09848055,-118.45993611],"NUGEN":[32.70012222,-99.68219444],"NUGGE":[37.13049166,-114.88830833],"NUGGS":[39.94876944,-104.61064722],"NUGGY":[39.74293333,-76.00616944],"NUGGZ":[42.59539166,-89.01766944],"NUGIC":[59.51833888,-146.21324166],"NUGIT":[29.62686111,-98.59403055],"NUGIY":[36.71681388,-87.43795833],"NUGNE":[30.32233611,-97.71827222],"NUGNT":[41.37722222,-79.19722222],"NUGPE":[64.71140555,-165.81950555],"NUGSE":[32.20338055,-102.13145],"NUGTE":[30.38062222,-88.50568611],"NUGWO":[7.15791666,171.51521944],"NUHDA":[30.47108055,-91.07608333],"NUHLE":[43.14743611,-88.06822222],"NUHOS":[29.88985,-97.93647777],"NUHTO":[41.72596944,-85.44024722],"NUHZU":[43.49232777,-94.202925],"NUJCO":[14.46930555,145.51896111],"NUJLE":[34.76535277,-89.29430277],"NUJNI":[43.18918888,-124.29623888],"NUJNT":[42.33204722,-83.28822777],"NUJPI":[41.49227777,-82.83566111],"NUKEE":[38.83234166,-93.52268888],"NUKIC":[33.82757222,-95.55760555],"NUKIE":[41.13138888,-86.82083333],"NUKIY":[42.93753333,-99.28779722],"NUKLY":[33.63432222,-117.92378611],"NUKLZ":[34.28208055,-97.43406111],"NUKNE":[36.31675555,-97.91468888],"NUKOE":[39.69947222,-119.62191111],"NUKRE":[63.04435,-155.60131666],"NUKTY":[31.92569722,-102.37564444],"NUKUW":[46.06938055,-110.85510833],"NULCI":[40.32350277,-79.37986388],"NULEE":[37.18450833,-100.78917777],"NULIC":[37.39960555,-101.73050555],"NULIY":[44.067475,-103.01303055],"NULLI":[38.90413055,-93.51128333],"NULLS":[34.04013888,-86.93823333],"NULLY":[37.85546666,-76.96239722],"NULMN":[34.73726111,-117.06554166],"NULNE":[39.20668333,-80.27673611],"NULPE":[35.97676944,-89.57111944],"NULRE":[45.78388055,-122.32813888],"NULTE":[42.28395277,-113.47011111],"NULUK":[58.38202777,-177.10238888],"NULUX":[33.12339722,-97.19968611],"NULVE":[39.78809166,-86.175375],"NUMAE":[37.68198333,-97.40831111],"NUMBE":[39.55113333,-77.22422222],"NUMBR":[32.67066666,-61.19233333],"NUMBY":[38.58646388,-121.24699444],"NUMDE":[39.8817,-82.35428888],"NUMEG":[40.23170833,-74.84494444],"NUMGE":[45.01066111,-92.39218055],"NUMIC":[30.52439722,-98.06491388],"NUMIE":[42.0652,-83.93865833],"NUMIJ":[47.19095,-111.580475],"NUMIZ":[41.93340555,-88.51565],"NUMMM":[42.04119444,-83.66068888],"NUMMO":[29.57612222,-97.89500277],"NUMMY":[38.78386111,-77.15944166],"NUMPE":[43.42548888,-92.13578888],"NUMSE":[48.63848611,-112.40197222],"NUMTE":[32.23265277,-86.456725],"NUMUE":[35.91348611,-80.04768888],"NUNAE":[43.99975,-88.30118888],"NUNBE":[29.35186111,-89.42810833],"NUNCA":[35.57774166,-109.10509722],"NUNCE":[40.10675833,-76.39413611],"NUNEF":[43.61445,-88.61966388],"NUNIC":[63.31334166,-142.73218611],"NUNIY":[46.18095,-119.27362777],"NUNKE":[41.761675,-69.89520833],"NUNLE":[37.3725,-122.02563333],"NUNNI":[42.89856666,-78.19393055],"NUNNS":[40.69411944,-104.81541388],"NUNOE":[44.40984166,-72.72568611],"NUNVE":[44.28859166,-93.64265833],"NUNWS":[41.91861111,-88.96083888],"NUNYA":[38.31870277,-85.46733055],"NUNYI":[42.13337222,-103.08038333],"NUNZO":[42.03088888,-71.20371111],"NUNZU":[46.11696111,-112.631675],"NUPBI":[36.3917,-79.39892222],"NUPCI":[39.531575,-107.478625],"NUPDE":[38.95849444,-90.41311666],"NUPGE":[42.00455555,-85.08160833],"NUPIE":[44.36868888,-100.556325],"NUPIY":[44.70313888,-73.49848333],"NUPKE":[33.67373888,-93.75356388],"NUPLE":[6.98425,158.38282777],"NUPME":[37.63740555,-80.871125],"NUPOR":[41.78334722,-91.57578055],"NUPSE":[38.14206666,-112.16282777],"NUPSY":[30.69608888,-96.81359722],"NUPTE":[56.80432222,-132.93322777],"NUPUE":[43.15420277,-83.86112777],"NUPUZ":[37.11105277,-120.55889722],"NUPXA":[36.42821111,-96.07216111],"NUPZI":[43.02393055,-92.51554166],"NUPZU":[43.54836388,-111.89035],"NUQUH":[31.80036666,-105.98906944],"NURAE":[32.18261111,-80.9674],"NURAY":[36.59576388,-119.70146666],"NURBE":[38.91256666,-85.79016666],"NURDS":[61.06238888,-150.12071944],"NURGE":[43.59658333,-84.16949722],"NURIC":[36.94167222,-94.48395555],"NURIY":[28.18701666,-81.94270277],"NURKE":[44.84921111,-87.545125],"NURME":[38.81854444,-86.43490833],"NUROE":[35.57688333,-80.52076666],"NURTE":[62.92603611,-154.76009444],"NURUE":[35.27053611,-82.46786388],"NURVE":[41.27056666,-84.24099166],"NURYI":[34.28086666,-83.35210833],"NUSCI":[43.91783888,-98.24505833],"NUSEE":[31.50911111,-87.03657777],"NUSEW":[41.29785833,-82.608225],"NUSIE":[31.24163888,-81.19701944],"NUSIY":[42.81869444,-73.70356944],"NUSLE":[46.13259166,-90.53137222],"NUSME":[41.89532777,-120.34325277],"NUSMM":[40.03369166,-80.81722777],"NUSNE":[33.70573333,-101.82919722],"NUSOE":[44.05215277,-123.18343611],"NUSSS":[33.287175,-96.56324722],"NUTAL":[33.99563333,-79.72548333],"NUTFO":[47.88671666,-100.17884722],"NUTGE":[41.68982222,-90.52965277],"NUTIE":[27.78049166,-97.28850833],"NUTIY":[36.94541111,-76.55006666],"NUTKE":[29.32723333,-100.48433611],"NUTLE":[42.00558888,-89.69653888],